<?xml version="1.0" encoding="iso-8859-1" ?>
<machine_definition>
    <machine_data name="new_machine" version="1.3" units="metric" />
    <axis id="X" type="translation" x="1.00000000" y="0.00000000" z="0.00000000" minvalue="-1000.000000" maxvalue="1000.000000" valuetype="cont">
        <geometry name="X axis" geo="x_axis.stl" clrr="0.00000000" clrg="1.00000000" clrb="0.00000000" alpha="0.0" reflectivity="0.0" reflectivityBitmapFileName="" objtype="geometry" />
        <axis id="Z" type="translation" x="1.00000000" y="0.00000000" z="0.00000000" minvalue="-1000.000000" maxvalue="1000.000000" valuetype="cont">
            <geometry name="Z axis" geo="z_axis.stl" clrr="0.00000000" clrg="1.00000000" clrb="0.00000000" alpha="0.0" reflectivity="0.0" reflectivityBitmapFileName="" objtype="geometry" />
            <transform id="holder_transform" initialvalue="1.00000000,0.00000000,0.00000000,0.00000000,0.00000000,1.00000000,0.00000000,0.00000000,0.00000000,0.00000000,1.00000000,0.00000000,0.00000000,0.00000000,0.00000000,1.00000000">
                <geometry name="tool" geo="tool.stl" alpha="0.0" reflectivity="0.0" reflectivityBitmapFileName="" objtype="tool" cuttr="0.00000000" cuttg="1.00000000" cuttb="1.00000000" noncuttr="0.00000000" noncuttg="1.00000000" noncuttb="1.00000000" arborr="0.00000000" arborg="1.00000000" arborb="1.00000000" holderr="0.00000000" holderg="1.00000000" holderb="1.00000000" />
            </transform>
        </axis>
    </axis>
    <axis id="Y" type="translation" x="0.00000000" y="1.00000000" z="0.00000000" minvalue="-80.000000" maxvalue="100.000000" valuetype="cont">
        <axis id="A" type="rotation" x="0.00000000" y="1.00000000" z="0.00000000" minvalue="-90.000000" maxvalue="90.000000" valuetype="cont" rzx="0.00000000" rzy="0.00000000" rzz="-106.00000000">
            <geometry name="A axis" geo="a_axis.stl" clrr="0.00000000" clrg="1.00000000" clrb="0.00000000" alpha="0.0" reflectivity="0.0" reflectivityBitmapFileName="" objtype="geometry" />
            <axis id="C" type="rotation" x="1.00000000" y="0.00000000" z="0.00000000" minvalue="-1000.000000" maxvalue="1000.000000" valuetype="cont" rzx="0.00000000" rzy="0.00000000" rzz="0.00000000">
                <geometry name="C axis" geo="c_axis.stl" clrr="0.00000000" clrg="1.00000000" clrb="0.00000000" alpha="0.0" reflectivity="0.0" reflectivityBitmapFileName="" objtype="geometry" />
                <transform id="workpiece_transform" initialvalue="1.00000000,0.00000000,0.00000000,0.00000000,0.00000000,1.00000000,0.00000000,0.00000000,0.00000000,0.00000000,1.00000000,0.00000000,0.00000000,0.00000000,0.00000000,1.00000000">
                    <geometry name="initialstock" geo="stock.stl" clrr="0.80000001" clrg="0.80000001" clrb="0.80000001" alpha="0.0" reflectivity="0.0" reflectivityBitmapFileName="" objtype="initialstock" />
                    <geometry name="stock" geo="stock.stl" clrr="0.00000000" clrg="1.00000000" clrb="0.00000000" alpha="0.0" reflectivity="0.0" reflectivityBitmapFileName="" objtype="stock" />
                    <geometry name="toolpath" geo="" clrr="0.80000001" clrg="0.80000001" clrb="0.80000001" alpha="0.0" reflectivity="0.0" reflectivityBitmapFileName="" schema="toolpath.scm" objtype="toolpath" />
                    <geometry name="workpiece" geo="werkstueck.stl" clrr="0.00000000" clrg="1.00000000" clrb="0.00000000" alpha="0.0" reflectivity="0.0" reflectivityBitmapFileName="" objtype="workpiece" />
                </transform>
            </axis>
        </axis>
        <geometry name="Y axis" geo="y_axis.stl" clrr="0.00000000" clrg="1.00000000" clrb="0.00000000" alpha="0.0" reflectivity="0.0" reflectivityBitmapFileName="" objtype="geometry" />
    </axis>
    <geometry name="mh_housing" geo="housing.stl" clrr="1.00000000" clrg="1.00000000" clrb="0.00000000" alpha="0.0" reflectivity="0.0" reflectivityBitmapFileName="" objtype="geometry" />
</machine_definition>
